{"mean":{"confidence_interval":{"confidence_level":0.95,"lower_bound":0.06009828335016541,"upper_bound":0.08996567661638537},"point_estimate":0.0750528850151766,"standard_error":0.007770181687259341},"median":{"confidence_interval":{"confidence_level":0.95,"lower_bound":0.04858876362969178,"upper_bound":0.09819359844433606},"point_estimate":0.07283448944026727,"standard_error":0.010894765396033727}}