{"mean":{"confidence_interval":{"confidence_level":0.95,"lower_bound":0.07402172390082597,"upper_bound":0.08838901271220424},"point_estimate":0.08016365279667714,"standard_error":0.0037695320730994756},"median":{"confidence_interval":{"confidence_level":0.95,"lower_bound":0.07404096586631037,"upper_bound":0.085091045758656},"point_estimate":0.07744087167363811,"standard_error":0.002822222098171732}}