{"mean":{"confidence_interval":{"confidence_level":0.95,"lower_bound":-0.0686164455558441,"upper_bound":-0.023208716835548263},"point_estimate":-0.046598360341191025,"standard_error":0.011673493774432903},"median":{"confidence_interval":{"confidence_level":0.95,"lower_bound":-0.08252836194620028,"upper_bound":-0.003398943202592264},"point_estimate":-0.05570319502046983,"standard_error":0.02557577003213475}}