{"mean":{"confidence_interval":{"confidence_level":0.95,"lower_bound":0.013901257004901866,"upper_bound":0.06479750052955342},"point_estimate":0.03984878053126151,"standard_error":0.01303539997291934},"median":{"confidence_interval":{"confidence_level":0.95,"lower_bound":0.007184215684767903,"upper_bound":0.08094884428081106},"point_estimate":0.04794490255006911,"standard_error":0.021957657158549734}}